mq5,mq9,mq135,humidity,temp,pressure,dust
118.33,117.32,161.77,86,29,985,2.66
144.2,137.69,109.97,86,29,985,2.55
140.57,134.7,97.16,86,29,985,2.48
140.37,134.25,94.56,86,29,985,2.49
140.31,134.74,94.19,86,29,985,2.56
140.66,135.19,94.23,86,29,985,2.61
140.28,134.54,93.76,86,29,986,3.83
139.96,133.72,93.56,86,29,985,3.27
140.22,134.33,93.21,86,29,985,2.64
141.03,133.51,93.77,84,29,985,2.46
141.15,133.8,94.02,86,29,986,3.08
141.32,133.32,94.34,86,29,986,2.46
140.75,132.41,92.69,86,29,986,3.93
140.48,131.63,91.25,86,29,986,4.7
140.05,130.61,90.12,86,29,985,6.7
139.7,129.93,88.9,85,28,985,3.31
139.38,129.88,88.28,85,28,985,3.41
137.76,119.66,91.24,69,27,986,2.43
136.51,118.24,87.35,69,27,986,2.35
135.35,117.95,82.16,69,27,986,2.38
133.58,113.78,79.47,69,27,986,2.42
134.22,116.53,79.19,69,27,986,3.58
133.26,114.95,77.22,69,27,986,3.41
132.31,111.93,77.55,69,27,986,2.17
133.55,115.71,78.73,70,27,986,2.27
133.26,115.21,78.22,70,27,986,2.58
132.42,112.43,78.12,69,27,986,4.84
134.07,115.26,81.08,70,27,986,2.3
133.38,116.82,77.18,69,27,986,2.44
132.83,116.08,77.12,69,27,986,2.35
133.06,117.29,75.58,69,27,986,2.26
131.87,113.12,74.35,70,27,986,2.29
132.89,114.89,75.9,69,27,986,2.33
132.97,116.97,75.14,69,27,986,2.27
130.94,110.77,73.02,69,27,986,2.14
129.38,103.76,74.56,68,27,986,2.05
133.32,113.21,81.24,66,27,986,2.18
131.78,111.56,75.75,68,27,986,2.69
131.29,110.93,74.7,68,27,986,2.12
130.88,109.14,74.61,68,27,986,2.18
130.19,105.27,79.12,68,27,986,2.09
131.2,106.27,79.82,67,27,986,2.12
133.06,114.99,76.94,68,27,986,2.36
132.31,115.03,74.39,68,27,986,2.42
132.31,115.56,74.67,68,27,986,2.34
132.22,115.59,73.75,66,27,986,2.26
131.64,113.76,73,68,27,986,2.62
131.58,113,74.9,69,27,986,2.3
132.83,116.26,77.05,67,27,986,2.44
132.48,116.5,74.83,69,27,986,2.47
132.34,116.12,75.03,67,27,986,2.42
131.78,113.29,74.28,67,27,986,2.4
131.99,115.37,73.16,69,27,986,2.44
132.16,115.88,73.67,69,27,986,2.34
131.73,113.35,73.41,68,27,986,2.36
131.87,114.63,73.75,68,27,986,2.43
131.99,115.71,74.08,66,27,986,2.43
131.78,115.42,73.08,68,27,986,2.38
131.12,112.04,73.65,68,27,986,2.22
130.19,108.3,72.93,68,27,986,2.42
129.96,107.29,76.11,67,27,986,2.16
132.16,114.12,74.55,68,27,986,2.29
132.05,114.8,74.27,67,27,986,2.33
130.86,111.9,71.68,64,27,986,2.27
131.15,115.15,75.09,67,27,982,4.23
132.31,117.39,77.21,70,27,983,3.31
131.81,115.78,74.45,66,28,982,8.23
131.23,114.38,72.13,63,28,982,3.3
129.46,108.94,71.19,66,28,982,3.29
127.41,99.9,73.58,65,27,982,3.12
126.16,93.92,76.99,63,27,982,2.79
129.93,99.13,87,65,27,982,2.62
127.75,98.54,92.96,64,27,982,2.51
130.71,108.92,103.19,64,27,983,2.56
137.67,118.92,111.52,64,27,982,2.52
142.66,129.45,119.17,64,27,983,2.58
146.81,130.87,121.86,64,27,983,2.47
147.53,132.08,123.52,64,27,983,2.43
149.79,135.68,126.23,64,27,983,2.44
149.3,132.97,125.25,64,27,983,2.46
149.07,132.99,125.58,64,27,983,2.47
150.08,135.19,126.88,64,27,983,2.47
151.56,137.51,128.33,64,27,983,2.48
152.32,140.31,130.09,65,27,983,2.44
155.22,144.51,132.31,65,27,983,2.47
157.45,147.61,134.66,65,27,983,2.43
154.11,142.75,133.41,65,27,983,2.46
156.23,144.92,133.81,65,27,983,2.44
154.64,140.78,132.21,65,27,983,2.46
153.91,132.81,127.64,65,27,983,2.42
153.8,143.72,132.56,65,27,983,2.64
155.36,144.06,133,65,27,983,2.58
155.68,145.59,134.06,64,27,983,2.43
155.45,145.51,135.76,65,27,983,2.44
156.78,145.4,134.49,65,27,983,2.44
158.38,148.62,135.4,64,27,983,2.43
159.59,152.21,136.87,65,27,983,2.43
156.87,146.27,135.37,65,27,983,2.38
159.88,152.17,137.23,65,27,983,2.44
160.18,151.14,137.01,65,27,983,2.48
162.52,154.92,138.93,65,27,983,2.51
161.19,153.69,138.44,65,27,983,2.47
161.51,151.45,137.84,65,27,983,2.47
159.74,150.22,136.37,64,27,983,2.4
130.36,117.62,75.19,74,27,985,3.06
130.39,117.68,75.25,72,27,985,2.23
130.45,118.04,74.96,72,27,985,7.51
130.36,117.68,74.74,72,27,985,2.4
130.31,117.32,74.38,72,27,985,2.22
128.8,112.75,74.64,73,27,986,2.14
127.67,103.6,75.06,73,27,986,2.01
128.97,105.19,76.81,71,27,986,2
127.09,99.72,74.69,72,27,986,1.95
130.04,117.17,76.21,72,27,986,2.31
135.58,117.62,89.31,85,28,986,6.35
135,117.73,87.73,87,28,986,4.66
133.41,119.4,85.47,87,28,986,8.28
133.38,117.41,84.4,86,28,986,4.43
133.76,117.53,83.84,86,28,986,3.66
133,116.4,83.38,83,28,986,3.53
132.31,115.68,83.25,85,28,986,3.43
132.42,116.19,82.39,83,28,986,7.58
133.73,117.39,84.97,87,28,986,3.62
133.15,116.9,83.71,85,28,986,3.53
132.13,116.47,81.3,85,28,986,3.52
131.64,114.6,79.36,85,28,986,3.54
131.03,114.12,79.77,86,28,986,3.51
131.78,116.26,80.86,86,28,986,3.53
131.58,115.59,80.78,87,28,986,3.52
131.47,115.87,80.18,87,28,986,3.45
131.06,114.32,79.36,87,28,986,3.39
130.94,112.33,81.1,87,28,986,3.3
131.47,115.09,81.95,87,28,986,3.57
131.29,115.49,79.82,88,28,986,3.51
131.32,115.37,79.97,88,28,986,3.47
131.29,115.05,79.21,88,28,986,3.48
131.15,115.08,78.77,88,28,986,3.44
131.55,115.69,82.82,87,28,986,3.53
131.55,114.83,82.25,87,28,986,3.6
131.29,115.23,81.36,87,28,986,3.53
131.38,114.66,81.95,87,28,986,3.47
131.15,114.49,80.5,87,28,986,3.41
131.41,115.11,81.29,87,28,986,3.48
131.03,113.67,79.37,86,28,986,3.44
130.8,112.58,78.39,86,28,986,3.48
131.03,113.86,79.62,86,28,986,3.48
130.8,113.89,78.78,85,28,986,3.49
130.65,112.62,79.09,85,28,986,3.41
130.86,113.21,78.39,85,28,986,3.38
130.62,113,77.96,85,28,986,3.51
130.77,113.22,78.05,85,28,986,3.43
130.77,113.49,78.44,85,28,986,3.53
130.77,113.7,77.41,85,28,985,3.64
131.03,114.33,79.21,85,28,986,3.62
130.86,113.69,78.39,86,28,985,3.36
130.8,112.85,79.41,86,28,986,3.32
130.77,112.09,79.36,86,28,986,3.34
130.71,113.01,78.08,86,28,986,3.38
130.94,113.03,78.59,86,28,985,3.51
130.88,113.43,78.34,86,28,985,3.49
130.65,112.84,78.46,86,28,985,3.54
130.48,112.55,77.17,86,28,985,3.48
130.62,112.27,78.58,86,28,985,3.58
130.65,112.9,77.8,85,28,985,3.4
130.45,112.21,77.14,85,28,985,3.51
130.48,112.25,77.85,85,28,985,3.45
129.52,108.38,77.21,84,28,985,3.3
130.22,109.2,79.36,84,28,985,3.32
130.77,111.67,78.72,84,28,985,3.38
130.1,110.76,76.03,84,28,985,3.56
130.31,111.98,76.78,84,28,985,3.44
130.31,110.8,77.25,84,28,985,3.44
130.8,112.27,80.11,84,28,985,3.67
130.62,112.87,78.7,84,28,985,3.62
130.8,112.44,79.33,85,28,985,3.58
130.57,112.38,77.58,85,28,985,3.52
130.54,111.7,77.3,85,28,985,3.45
130.65,112.56,78.25,85,28,985,3.49
132.83,114.71,84.94,87,28,984,13.77
132.65,114.46,84.46,84,28,984,13.64
131.99,113.37,82.21,84,28,984,12.99
128.19,99.94,82.83,84,28,984,11.53
125.72,91.69,90.92,83,28,984,9.36
126.01,102.24,107.73,83,28,984,9.06
135.15,124.16,123.83,81,28,984,8.91
141.82,127.99,127.97,82,28,984,8.99
144.34,130.21,129.67,82,28,984,8.85
145.85,132.38,131.32,82,28,984,8.9
147.73,133.63,133.1,82,28,984,8.89
147.7,134.86,133.53,82,28,984,8.78
148.4,136.18,134.22,82,28,984,8.69
149.74,137.55,135.33,82,28,984,8.73
149.74,137.76,135.43,82,28,984,8.65
150.63,138.88,136.25,82,28,984,8.63
152.23,143.44,138.06,82,28,984,8.59
153.8,145.3,139.34,82,28,984,8.62
154.46,146.16,139.94,82,28,984,8.6
160.23,148.99,148.64,82,28,984,9.15
142.25,126.88,130.42,82,28,984,8.89
148.95,136.7,135.8,82,28,984,9.01
145.09,126.83,130.81,82,28,984,9.11
142.92,110.32,124.56,82,28,984,9.13
140.98,109.91,119.78,82,28,984,9.6
131.73,103.49,113.74,84,28,984,8.95
145.5,143.15,139.61,82,28,984,9.2
133.5,112.46,118.86,82,28,984,8.95
153.59,150.03,145.37,83,28,985,9.16
140.14,109.03,118.78,82,28,984,9.16
138.13,125.02,130.52,83,28,985,9.37
131.12,93.59,102.72,85,28,984,9.36
132.05,97.39,104.75,85,28,985,9.43
130.97,100.96,110.78,85,28,985,8.93
141.24,121.76,125.94,83,28,985,8.77
139.3,128.58,128.84,83,28,985,8.76
147.53,123.38,130.71,84,28,985,9.01
141.24,126.37,130.62,84,28,985,8.9
148.87,129.45,133.87,84,28,985,9.1
141.76,115.87,124.33,84,28,985,8.9
137,106.07,117.02,84,28,985,9.23
131.96,98.84,110.14,86,28,985,9.1
134.83,108.8,117.58,84,28,985,9.15
133.18,106.53,117.18,84,28,985,8.91
135.35,111.99,121.27,84,28,985,8.81
133.76,102.66,113.59,84,28,985,8.9
142.98,115.9,123.61,84,28,985,9.2
130.13,96.82,108.61,85,28,985,8.75
139.06,109.72,119.44,84,28,985,9.38
134.25,98.71,109.06,84,28,985,9.5
130.62,108.74,87.81,87,28,986,12.9
131.06,109.45,87.38,85,28,986,12.7
131.2,110.56,87,87,28,986,12.43
131.12,109.72,86.56,87,28,986,12.38
131.03,109.43,86.27,87,28,986,12.16
131.03,109.54,86.32,87,28,986,12.09
131.41,110.67,87.59,87,28,986,12.05
131.55,110.96,87.84,87,28,986,12.07
131.55,110.82,88.31,87,28,986,12.04
131.38,110.62,87.87,87,28,986,11.94
131.41,110.39,88.1,87,28,986,11.75
131.58,110.6,87.87,87,28,986,11.56
131.55,110.22,88.06,87,28,986,11.57
131.73,111.19,89.37,86,28,986,11.48
131.73,110.82,87.8,86,28,986,11.33
131.58,110.9,86.73,86,28,986,11.27
131.58,110.02,87.55,87,28,986,11.26
131.73,110.74,89.41,87,28,986,11.12
131.9,110.36,89.42,87,28,987,11.34
132.07,111.36,89.48,87,29,987,11.09
131.64,110.25,89.75,87,29,987,11.15
131.58,109.41,89.83,88,29,987,11.15
131.81,110.41,88.94,88,29,987,11.95
129.46,109.26,93.21,88,28,982,2
129.7,109.46,91.28,86,28,982,2.03
128.68,109.89,86.33,88,28,982,2.01
128.8,109.15,84.23,87,28,982,1.94
127.61,102.31,84.85,87,28,982,1.83
127.29,97.67,89.84,86,28,982,1.85
127.75,94.93,93.82,86,28,982,1.73
127.35,92.45,96.18,86,28,982,1.83
128.94,93.87,102.97,85,28,982,1.59
129.46,94.26,105.86,85,28,982,1.61
130.57,95.07,108.31,85,28,982,2.58
130.71,95.4,109.63,85,28,982,1.48
131.41,95.58,111.22,83,28,982,1.51
133.15,96.98,106.58,83,28,982,1.75
129.35,93.14,101.55,85,28,982,1.77
129.55,93.84,99.93,85,28,982,1.78
128.68,91.8,101.51,86,28,982,1.59
130.77,94.42,106.25,86,28,983,1.5
131.96,95.55,108.11,86,28,982,1.74
131.73,95.71,107.34,86,28,983,1.56
131.78,95.66,107.58,86,28,983,1.55
131.73,95.55,106.79,86,28,983,1.55
132.05,95.87,107.38,86,28,983,1.53
131.58,95.24,109.08,86,28,983,1.55
132.48,95.49,103.42,86,28,983,1.74
129.96,92.71,103.78,86,28,983,1.52
132.31,96.72,110.22,86,28,983,1.57
132.89,96.07,106.56,86,28,983,1.66
131.73,95.86,102.44,87,28,983,1.72
130.13,94.11,103.58,87,28,983,1.57
130.65,94.26,103.39,87,28,983,1.6
130.94,93.59,105.05,87,28,983,1.59
131.73,94.9,107.85,87,28,983,1.48
134.34,98.42,111.11,87,28,983,1.56
131.12,93.48,108.06,87,28,983,1.52
133.73,96.2,110.95,87,28,983,1.52
134.1,97.17,111.37,87,28,983,1.52
132.13,94.3,108.16,87,28,983,1.56
132.42,94.9,108.07,87,28,983,1.56
133.15,97.17,108.83,88,28,983,1.65
132.57,96.82,107.42,88,28,983,1.66
131.2,94.62,104.81,88,28,983,1.73
132.13,96.61,107.95,88,28,983,1.69
127.58,93.2,96.42,88,27,986,1.78
126.56,90.61,95.83,88,28,986,1.79
127.43,92.66,95.73,86,28,986,1.88
127.41,93.59,94.43,88,28,986,1.77
127.87,94.22,96.1,87,28,986,1.78
127.69,96.28,92.58,88,28,986,1.83
126.01,90.37,91.7,88,28,986,1.94
127.2,91.6,95.86,87,28,986,1.77
127.78,92.96,96.11,87,28,986,1.82
126.94,93.05,92.61,87,28,986,1.83
126.77,90.64,95.21,87,28,986,1.85
126.56,89.78,95.38,87,28,986,1.73
126.83,89.35,100.32,87,28,986,1.65
127.52,89.7,99.5,87,28,986,1.73
128.04,92.56,102.8,88,28,986,1.72
127.11,89.35,100.23,87,28,986,1.7
126.83,88.33,99.7,87,28,986,1.72
127.17,89.09,101.75,87,28,986,1.69
127,88.36,101.5,87,28,986,1.64
127.2,89.69,97.16,87,28,986,1.81
126.65,89.03,98.08,87,28,986,1.82
127.17,89.15,100.42,87,28,986,1.69
128.28,91.3,103.44,87,28,986,1.72
126.68,87.65,99.47,87,28,986,1.69
128.45,90.86,104.64,87,28,986,1.79
128.88,92,101.89,87,28,986,1.78
126.07,88.01,95.59,87,28,986,1.72
127.03,89.67,96.38,87,28,986,1.79
127.29,89.72,98.35,87,28,986,2.09
125.52,85.41,97.19,87,28,986,1.6
127.84,89.69,104.09,86,28,986,1.72
129.2,91.96,102.55,86,28,986,1.87
126.77,88.92,98.25,86,28,986,1.9
127.52,90.35,100.3,86,28,986,1.72
127.17,88.89,100.68,87,28,986,1.79
128.1,90.21,102.6,87,28,985,1.82
128.19,91.31,100.78,85,28,985,1.96
128.45,93.25,99.48,85,28,985,1.82
127.17,90.17,97.67,85,28,985,1.91
127.09,89.82,98.2,83,28,985,1.83
132.91,103.85,109.03,77,28,984,2.01
129.55,102.5,90.63,77,28,984,2.03
128.13,99.08,78.08,77,28,984,2.04
121.37,79.15,79.2,166,14,984,1.48
118.01,86.31,97.03,78,28,984,1.47
124.39,108.11,117.34,75,28,984,1.46
129.29,112.82,123.03,75,28,984,1.59
131.87,115.33,126.59,75,28,984,1.4
132.62,115.52,128.28,76,28,984,1.37
132.13,113.57,127.14,75,28,984,1.46
132.83,115.62,128.99,75,28,984,1.39
133.93,118.62,131.12,76,28,984,1.47
133.55,115.68,130.59,75,28,984,1.53
132.31,105.97,128.3,75,28,984,1.6
129.03,95.4,118.56,76,28,984,1.5
125.17,89.24,109.97,75,28,984,1.42
124.82,91.36,111,74,28,984,1.4
125.09,88.11,107.31,73,28,984,1.59
124.97,87.44,105.89,73,28,984,1.51
125.23,90.75,109.49,73,28,984,1.47
126.51,93.73,112.48,73,28,984,1.52
126.25,91.29,110.03,73,28,984,1.56
126.59,92.25,111.33,74,29,984,1.53
123.64,87.51,107.61,74,29,984,1.55
126.59,95.22,114.56,73,28,984,1.52
125.58,91.72,111.84,73,28,984,1.44
125.84,92.48,112.16,72,28,984,1.4
130.71,107.7,125.11,72,28,984,1.39
127.58,95.32,115.51,72,28,984,1.4
127.58,100.66,118.9,73,29,984,1.38
128.01,103.97,120.37,72,28,984,1.63
125.72,92.87,113.62,72,28,984,1.53
131.96,104.34,124.28,72,28,984,1.52
126.94,88.7,108.75,73,29,984,1.47
125.93,88.16,96.17,75,28,984,1.96
124.91,86.89,91.19,76,28,984,1.79
126.33,90.95,92.3,76,28,984,1.72
125.4,89.15,91.18,76,28,984,1.66
126.1,90.07,93.53,76,28,984,1.75
125.23,87.58,92.83,77,28,984,1.65
126.01,90.15,92.66,78,29,984,1.7
126.16,90.86,91,78,29,984,1.99
126.83,92.76,89.74,78,29,984,1.83
126.68,92.68,87.7,78,29,984,1.82
123.4,84.83,90.06,77,28,984,1.57
119.46,88.44,102.17,78,28,984,1.46
129.09,116.44,123.52,76,28,984,1.38
134.92,121.29,130.69,76,29,984,1.4
128.28,100.99,79.4,72,27,983,2.13
128.25,100.92,77.66,70,27,983,2.31
127.69,98.91,74.31,72,27,983,2.05
123.29,84.3,73.36,72,27,983,1.82
120.47,76.72,81.87,72,27,983,1.56
120.76,84.92,99.36,69,27,983,1.6
121.23,87.2,104.78,69,27,983,1.59
123.98,93.9,111.94,70,27,983,1.52
124.07,88.44,110.28,69,27,983,1.52
124.97,93.13,113.8,69,27,983,1.64
125.58,94.9,115.41,70,27,983,1.73
125.9,92.63,114.62,71,28,983,1.48
125.23,94.56,115.27,70,27,983,1.69
125.49,93.39,115.28,71,28,983,3.22
120.59,72.95,89.44,70,27,983,3.3
118.68,84.27,102.12,70,28,983,3.26
122.91,91.52,109.86,69,27,983,3.26
127.93,99.82,88.02,71,28,983,2.26
126.77,99.67,80.12,71,28,983,4.96
123.66,88.92,72.75,71,28,983,2.07
119.6,75.05,74.94,72,28,983,1.65
118.15,76.82,88.29,71,28,983,1.61
120.97,83.32,98.17,69,28,983,1.59
122.62,84.23,101.96,69,28,983,1.68
126.33,96.58,112.71,69,28,983,1.56
125.32,91.46,110.2,70,28,984,1.7
124.24,81.42,100.7,70,28,984,1.59
120.79,80.57,100.77,70,28,984,1.55
125.14,96.74,113.7,71,28,984,1.64
126.45,96.2,114.64,73,28,984,1.66
128.33,101.1,118.75,72,28,984,1.55
128.25,100.87,118.71,73,28,984,1.63
129.09,103.19,120.2,73,28,984,1.57
130.1,103.89,122.3,72,28,984,2.6
128.68,100.55,120.18,73,28,984,1.55
129.87,103.37,122.41,73,28,984,1.52
129.03,101.26,120.99,73,28,984,1.64
130.01,105.36,123.08,73,28,984,1.6
130.94,106.15,124.77,73,28,984,1.73
130.71,104.9,124.47,73,28,984,1.69
130.36,104.88,124.11,74,28,984,1.98
130.28,105.85,123.82,74,28,984,1.53
131.29,107.63,125.06,74,28,984,1.53
131.81,108.2,126.16,74,28,984,1.51
131.78,107.75,126.08,74,28,984,1.55
131.12,107.36,125.11,74,28,984,1.7
132.22,110.82,126.92,74,28,984,1.56
132.54,109.66,127.17,74,28,984,1.69
132.71,110.41,127.7,74,28,984,1.56
131.7,108.14,125.98,74,28,984,1.6
132.48,110.71,127.47,74,28,984,1.56
132.91,110.79,128.06,74,28,984,1.56
132.57,110.48,127.8,74,28,984,1.55
132.07,109.02,126.86,74,28,984,1.57
129.46,102.65,88.41,76,28,985,3.27
129.61,103.06,87.92,73,28,985,2.03
129.29,101.98,82.05,76,28,985,2.04
125.09,88.39,80.31,75,28,985,1.91
121.89,79.53,85.14,71,28,985,1.57
122.47,85.89,99.49,70,28,985,1.55
120.13,84.24,102.84,67,28,985,1.48
118.68,72.49,92.75,66,28,985,1.6
125.66,94.99,113.38,65,27,985,1.48
128.1,108.9,123.82,69,28,985,1.48
128.51,106.21,122.33,70,27,985,1.51
127.49,102.55,120.06,67,28,985,1.42
128.36,101.02,121.28,66,28,985,1.68
124.82,93.71,114.78,66,28,985,1.51
125.98,99.27,117.25,65,28,985,1.56
126.51,100.24,118.2,66,28,985,1.69
127.93,104.71,121.17,66,28,985,1.43
128.1,104.23,121.61,66,28,985,1.55
127.87,103.16,120.88,67,28,985,1.42
129.12,108.51,124.97,66,28,985,1.46
131.29,114.04,129.12,70,28,985,1.63
128.19,104.16,123.65,69,28,985,1.61
136.71,122.65,140.96,68,28,985,1.61
120.79,85.38,109.3,67,28,985,1.46
124.68,101.55,117.29,68,28,985,1.63
126.56,103.35,118.94,68,28,985,1.42
127.75,104.91,120.96,66,28,985,1.5
128.36,106.32,122.31,69,28,985,1.42
128.94,108.01,123.94,69,28,985,1.42
129.87,110.29,126.11,69,28,985,1.43
129.38,108.81,125.56,69,28,985,1.56
129.55,109.93,126.11,69,28,985,1.51
130.45,114.06,129.12,69,28,985,1.46
131.29,114.92,130.26,70,28,985,1.46
131.64,116.81,131.42,70,28,985,1.43
132.25,117.9,133.04,70,28,985,1.43
131.58,115.48,131.97,70,28,985,1.43
131.73,115.28,132.1,69,28,985,1.47
130.54,111.84,129.53,68,28,985,1.7
126.56,86.83,111.16,68,28,985,1.61
119.26,72.89,91.12,69,28,985,1.6
125.32,86.09,95.49,65,28,985,1.81
122.47,80.07,83.4,66,28,985,1.78
122.27,79.52,77.02,67,28,985,1.69
120.21,74.51,82.3,68,28,985,1.48
118.82,80.8,95.94,66,28,985,1.48
118.41,80,96.17,64,28,985,1.5
127.78,91.21,105.67,64,28,985,1.78
121.37,76.6,81.66,67,28,985,1.72
115.54,63.34,78.14,67,28,985,1.52
119.55,90.7,103.35,65,28,985,1.52
124.74,83.98,97.95,66,28,985,1.61
117.75,79.29,96.75,68,28,985,1.48
130.04,95.41,108.58,66,28,985,1.94
122.47,80.28,86.61,68,28,985,1.65
129.09,102.44,88.33,72,28,985,3.22
128.97,102.49,85.83,74,28,985,3.45
127.41,97.01,83.74,74,28,985,2.27
123.66,86.59,92.33,75,28,985,1.82
121.46,86.9,102.92,75,28,985,1.56
126.07,107.89,121.27,73,28,985,1.52
128.59,108.69,123.62,72,28,985,1.59
130.48,113.94,127.17,73,28,985,1.53
129.46,106.56,123.21,72,28,985,1.5
129.87,110.56,125.64,71,28,985,1.53
130.71,111.77,126,72,28,985,1.64
130.71,111.52,125.77,71,28,985,1.48
130.22,109.72,124.97,70,28,985,1.66
130.77,112.62,126.58,70,28,985,1.53
131.03,112.7,126.65,71,28,985,1.52
129.87,109.2,124.36,70,28,985,1.64
130.01,109.79,124.98,69,28,985,1.6
130.31,111.34,125.61,69,28,985,1.55
131.38,114.94,128.07,71,28,985,1.59
132.62,118.41,130.49,72,28,985,1.51
132.22,115.21,128.56,72,28,985,1.53
132.34,116.84,129.12,70,28,985,1.52
132.31,116.99,129.34,70,28,985,1.48
132.13,115.43,129.13,71,28,985,1.64
131.7,114.24,128.24,70,28,985,1.51
130.94,112.43,126.97,70,28,985,1.44
131.29,113.67,127.61,69,28,985,1.48
132.05,115.14,128.91,70,28,985,1.59
131.81,115.31,128.35,70,28,985,1.51
130.31,110.02,126.45,70,28,985,1.59
130.57,112.65,126.52,70,28,985,1.51
131.23,113.41,127.19,71,28,985,1.47
130.86,112.21,126.77,70,28,985,1.48
127.52,100.05,71.88,70,27,986,2.71
126.85,97.52,70.94,71,27,986,2.6
127.17,98.79,71.64,71,27,986,2.66
127.26,99.33,70.31,69,27,986,2.74
127,98.36,70.56,69,27,986,2.75
127.29,99.28,69.89,70,28,986,2.73
127.35,99.69,69.84,69,28,986,2.82
127.41,99.87,69.42,69,27,986,3.17
126.94,98.24,69.72,69,27,986,2.75
125.26,92.74,68.77,70,27,986,2.44
124.13,89.03,68.89,70,27,986,2.42
121.46,80.31,71.64,71,28,986,2.26
120.27,77.18,77.96,70,28,986,2.04
127.17,97.85,78.57,67,28,986,2.58
122.97,85.23,72.04,70,28,986,2.34
125.66,91.77,82.08,70,28,986,2.48
123.29,86.08,73.65,70,28,986,2.33
126.91,98.11,73.42,69,28,986,2.57
126.59,97.34,69.91,69,28,986,2.56
123.58,87.31,72.5,70,28,986,2.43
127.58,98.08,79.25,70,28,986,2.68
127.11,98.79,71.28,69,28,986,2.69
127,98.19,71.14,69,28,986,2.66
127.41,99.06,72.09,70,28,986,2.69
125.17,92.72,68.72,69,28,986,2.47
127.09,98.02,73.84,70,28,986,2.69
126.51,96.92,70.64,70,28,986,2.56
127.41,99.27,72,71,28,986,2.62
127.43,100.01,70.94,71,28,986,2.84
127.43,99.75,70.65,71,28,986,2.64
125.14,92.5,68.33,71,28,986,2.47
126.56,95.46,74.96,71,28,986,2.61
123.29,85.93,70.35,72,28,986,2.36
126.25,92.88,81.94,70,28,986,2.66
127.26,99.13,72.65,71,28,985,2.73
127.11,98.36,71.72,71,28,985,2.62
127.35,99.64,70.8,71,28,985,2.88
127.2,98.9,70.66,71,28,985,2.7
125.75,94.41,68.45,71,28,985,2.53
126.94,98.08,69.78,71,28,985,2.65
127.17,98.64,71.51,71,28,985,2.64
126.74,97.6,68.66,71,28,985,2.6
127.35,99.37,70.1,70,28,985,2.65
127.26,99.05,68.95,68,28,985,2.7
128.36,100.56,77.64,71,27,986,2.69
128.36,100.53,77.03,72,27,986,3.64
128.33,100.45,75.34,72,27,986,2.71
128.51,100.61,75.09,72,27,986,3.01
128.01,99.42,75.14,72,27,986,2.74
127.93,98.79,74.53,71,28,986,3.06
127.84,98.9,73.72,72,27,986,2.64
127.93,99.03,73.78,73,27,986,2.6
126.91,95.92,71.73,72,27,986,2.79
127.35,96.66,74.19,73,27,986,2.71
127.29,96.95,73.61,73,27,986,2.58
126.91,95.46,75.17,73,27,986,2.68
127.52,97.42,73.06,73,27,986,2.57
127.93,99.08,71.28,71,28,986,2.7
128.01,99.39,70.58,72,27,986,2.73
127.93,99.28,70.88,72,27,986,2.65
127.69,98.45,71.14,72,27,986,2.65
127.35,97.12,71.44,72,27,986,2.58
126.27,93.87,69.59,72,27,986,2.7
125.66,91.37,72.11,73,28,986,2.49
123.9,86,73.3,72,28,986,2.35
127.35,96.01,78.95,72,28,986,2.48
127.49,97.48,73.92,72,28,986,2.52
127.87,98.76,72.77,72,28,986,2.64
127.87,98.93,71.75,73,28,986,2.69
127.93,99.13,71.93,72,28,986,2.66
127.2,96.69,72.92,72,28,986,2.56
125.98,92.81,72.78,73,28,986,2.52
128.01,99.08,74.48,73,28,986,2.68
128.1,99.67,71.86,73,28,986,2.7
127.75,98.14,72.52,72,27,986,2.57
127.78,98.34,71.75,72,28,985,2.75
127.09,96.2,70.64,72,28,985,2.61
127.2,96.57,72.06,72,28,986,2.57
126.16,92.87,73.5,72,28,986,2.47
123.23,83.52,71.81,71,28,986,2.48
125.06,88.39,79.15,69,28,986,2.47
127.93,98.51,75.86,72,28,986,2.6
127.87,98.48,72.34,72,28,986,2.64
127.35,96.98,72.31,72,28,985,2.69
126.77,95.04,72.15,72,28,985,2.53
127.11,95.71,74.45,72,28,986,2.62
126.42,93.62,72.69,70,28,985,2.6
123.64,84.54,73.77,73,28,986,2.35
126.59,93.92,75.14,73,28,986,2.53
127.78,98.42,73.81,72,28,986,2.66
127.41,96.91,72.02,72,28,985,2.66
127.87,98.76,71.78,73,28,985,2.64
127.69,97.48,71.98,71,28,985,2.68
127.61,97.45,71.94,73,28,985,2.65
125.98,91.8,72.14,73,28,985,2.55
125.81,90.7,76.24,73,28,985,2.53
127,94.59,77.39,71,28,985,2.58
124.07,86.5,70.64,73,28,985,2.44
128.88,104.02,81.53,80,28,984,2.46
128.13,101.17,80.21,80,28,984,2.33
124.16,88.31,82.67,80,28,984,2.09
121.05,81.52,90.59,80,28,984,1.86
121.31,93.51,106.72,77,28,984,1.83
125.58,105.18,117.45,77,28,984,1.81
129.03,110.96,122.28,76,28,984,1.73
131.15,114.67,126,76,28,984,1.74
132.25,117.58,127.89,77,28,984,1.75
132.65,117.76,128.33,77,28,984,1.72
132.83,118.49,129.25,77,28,984,1.79
133.41,119.26,131.31,77,28,984,1.79
126.45,92.66,116.61,77,28,984,1.79
121.23,79.54,101.25,76,28,984,2.01
127.09,93.78,113.1,75,28,984,1.81
125.35,108.24,118.91,76,28,984,1.98
130.22,117.19,124.84,76,28,984,1.78
132.65,120,127.85,76,28,984,1.72
132.71,119.24,127.86,76,28,984,1.69
128.45,102.65,82.47,87,27,987,3.91
128.51,102.56,80.73,86,27,987,3.75
128.25,101.49,78.31,86,27,987,3.62
128.28,101.2,77.51,86,27,987,3.82
128.28,101.56,76.69,86,27,987,3.65
126.45,95.18,75.96,86,27,987,3.44
125.61,92.28,78.85,86,27,987,3.43
128.1,99.9,79.37,86,27,987,3.8
128.59,101.66,76.81,85,27,987,3.79
128.62,102.24,75.52,85,27,987,3.77
126.33,94.77,72.89,86,27,987,3.4
128.04,100.22,75.94,85,27,987,3.56
128.45,101.15,76.94,85,27,987,3.7
128.36,100.67,77.91,85,27,987,3.69
128.1,100.48,75.84,85,27,987,4
128.28,101.02,75.99,86,27,987,3.82
127.49,98.25,76.05,86,27,987,3.52
127.29,97.57,75.52,85,27,987,3.56
127.87,99.28,77.06,85,27,987,3.61
128.19,100.22,77.17,85,27,987,3.74
127.43,97.94,76.15,85,27,987,3.71
128.51,101.44,77.03,85,27,987,3.73
125.61,92.77,74.94,85,27,987,3.54
128.13,100.29,78.08,85,27,987,3.77
128.01,99.39,78.36,85,27,987,3.6
128.33,100.72,76.27,85,27,987,3.86
128.13,100.59,75.58,85,27,987,3.64
128.28,100.73,76.08,82,27,987,3.69
128.36,101.01,76.18,84,27,987,3.67
128.51,101.1,76,85,27,987,3.88
128.45,101.24,76.17,84,27,987,3.69
128.51,101.6,75.91,84,27,987,3.79
128.36,101.05,75.71,84,27,987,3.83
128.36,101.26,75.69,84,27,987,3.83
128.42,101.52,75.25,85,27,987,3.78
128.42,101.49,75.38,85,27,987,3.86
128.54,101.44,75.45,84,27,987,3.83
128.54,101.8,75.36,84,27,987,3.82
128.36,101.26,75.64,84,27,986,3.84
128.45,101.24,74.54,83,27,987,3.91
128.28,100.78,75.63,83,27,987,3.77
128.36,100.89,75.78,83,27,986,3.78
128.36,101.09,74.54,83,27,986,3.74
125.14,90.49,74.56,84,27,986,3.45
127.69,98.02,79.28,84,28,986,3.54
126.77,95.3,76.47,84,28,986,3.54
128.25,99.22,80.33,84,28,986,3.67
128.1,99.82,76.08,83,28,986,4.04
128.33,100.89,75.58,83,28,986,3.78
128.33,100.64,75.03,82,27,986,3.83
128.33,100.86,75.92,83,28,986,3.84
128.45,100.99,75.91,83,28,986,3.83
128.36,100.92,75.45,83,28,986,3.78
128.45,101.14,75.08,83,27,986,3.87
128.28,100.44,75.94,83,27,986,3.89
128.1,100.01,74.66,83,27,986,3.65
128.45,101.12,75.39,81,27,986,3.75
128.59,101.26,76.09,83,27,986,3.77
128.36,101.02,75.87,83,27,986,3.77
128.42,100.86,76.27,83,27,986,3.75
128.25,100.5,75.67,83,27,986,3.82
127.61,98.22,75.27,83,27,986,3.57
126.68,95.49,74.68,83,27,986,3.56
124.16,86.99,77.31,83,27,986,3.51
128.04,99.56,79.45,83,27,986,3.62
127.96,99.45,77.19,83,27,986,3.62
127.75,97.97,78.97,83,27,986,3.57
128.33,100.76,75.6,83,27,986,3.74
128.25,100.92,74.58,83,27,986,3.73
128.36,101.09,75.11,83,27,986,3.89
128.13,100.47,75.22,83,27,986,3.71
127.03,95.77,80.73,83,27,986,3.65
128.04,99.98,75.74,84,28,986,3.6
125.52,91.42,76.25,84,28,986,3.47
128.85,102.43,84.9,88,28,986,3.71
128.68,101.81,84.32,90,27,986,3.88
128.33,100.13,83.55,90,27,986,3.83
126.74,94.29,87.17,88,27,986,3.56
128.42,99.94,84.83,90,27,986,3.62
125.98,92.54,80.95,90,27,986,3.51
122.45,81.68,86.89,90,27,986,2.99
125.98,90.97,91.66,89,27,986,3.51
125.4,89.89,86.29,90,27,986,3.34
122.88,83.58,92.61,90,27,986,3.08
120.39,77.44,94.08,90,28,986,2.75
121.11,96.23,113.75,88,28,986,2.71
128.97,94.01,117.39,88,28,986,3.23
120.44,78.23,97.06,90,28,986,2.74
121.81,100.36,117.69,88,28,986,2.79
127.52,109.94,127.17,88,28,986,2.6
131.06,114.54,131.29,88,28,987,2.88
126.68,95.83,115.51,88,28,987,2.71
128.62,112.43,127.17,88,28,987,2.7
132.07,115.69,132.1,88,28,987,2.61
131.99,114.55,132.47,88,28,987,2.61
123.84,87.65,108.39,88,28,987,2.71
125,108.45,123.61,88,28,987,2.71
128.13,107.95,126.17,88,28,987,2.86
136.34,116.11,140.6,88,28,987,2.82
121.72,89.33,114,90,28,987,2.86
126.25,104.43,123.15,88,28,987,2.77
127.78,90.75,114.68,88,28,987,3.05
122.13,80.01,96.91,90,28,987,2.9
124.82,85.63,100.77,89,28,987,3.17
122.65,81.99,92.86,90,28,987,2.95
119.75,75.88,92.17,90,28,987,2.75
120.97,80.19,99.69,88,28,987,2.66
120.88,98.71,114.78,88,28,987,2.61
123.4,81.42,106.3,88,28,987,2.68
122.27,99.64,117.37,88,28,987,2.7
127.26,110,125.25,88,28,987,2.68
129.12,109.99,126.95,88,28,987,2.64
129.55,110.1,126.66,88,28,987,2.49
129.29,105,126.61,87,28,987,2.7
136.51,111.01,139.01,86,28,987,3.18
119.02,71.13,93.31,89,28,987,2.62
126.42,88.36,106.34,87,28,987,3.31
121.95,79.31,92.94,89,28,987,3.08
121.14,76.64,92.94,89,28,987,4.89
121.11,75.75,90.69,87,28,987,2.83
121.46,77.36,90.77,89,28,987,3.01
115.89,68.84,87.72,89,28,987,2.79
120.47,94.52,108.46,85,28,987,2.73
123.49,100.36,113.86,85,28,987,2.73
126.36,99.65,117.68,85,28,987,2.74
137.96,124.07,142.99,85,28,987,2.87
121.2,76.24,91.78,88,28,987,2.9
116.67,81.28,99.26,88,28,987,2.56
121.89,100.87,115.06,85,28,987,2.73
125.17,103.01,118.81,85,28,987,2.51
131.49,98.79,125.67,85,28,987,2.84
122.07,77.33,100.68,88,28,987,2.64
119.87,93.47,113.12,87,28,987,2.58
124.56,106.56,121.43,87,28,987,2.51
128.51,110.82,126.16,87,28,987,2.6
129.26,108.24,125.61,87,28,987,2.61
129.64,107.03,125.8,86,28,987,2.52
129.38,107.97,125.98,86,28,987,2.69
129.55,108.21,126.26,86,28,987,2.58
130.01,110.2,128.04,86,28,987,2.61
130.04,110.05,127.9,86,28,987,2.44
131.03,112.15,130.25,86,28,987,2.48
130.65,111.89,129.72,86,28,987,2.78
130.88,112.19,129.99,86,28,987,2.46
131.58,113.63,131.79,86,28,987,2.62
131.47,113.49,131.81,86,28,987,2.58
130.39,108.01,130.09,86,28,987,2.66
129.7,108.75,128.7,86,28,987,2.46
130.65,111.61,130.7,86,28,987,2.77
130.94,112.12,131.34,86,28,987,2.68
130.88,112.21,131.44,86,28,987,2.57
130.97,111.39,130.93,87,29,987,2.52
130.57,111.68,130.09,85,28,987,2.44
130.77,111.84,130.23,85,28,987,2.47
131.96,112.89,132.74,86,28,987,2.51
127.61,98.06,85.39,81,28,988,2.7
127.03,96.03,82.36,82,28,987,4.08
124.39,86.71,80.04,82,28,987,2.48
121.43,76.73,80.89,80,28,987,2.29
120.44,75.82,92.97,82,28,987,2.18
117.92,76.73,101.36,81,28,987,2.2
123.75,87.76,117.59,80,28,987,2.09
120.62,84.09,116.14,81,28,987,2.04
121.98,90.74,120.89,81,28,987,2.16
123.46,91.79,124.26,81,28,987,2.42
124.33,94.77,128.21,81,28,987,2.48
120.76,74.7,112.59,80,28,987,2.46
119.95,83.73,118.19,80,28,987,1.92
121.55,86.31,120.66,80,28,987,1.88
123.49,93.35,125.97,78,28,987,2.43
120.27,78.2,116.42,79,28,987,1.98
122.71,90.89,123.78,79,28,987,2.01
123.75,93.96,126.77,167,14,987,2.29
123.9,93.23,127.2,79,28,987,1.94
124.24,94.42,127.26,78,28,987,2.16
128.04,94.24,133.68,78,28,987,1.92
123.29,83.78,120.4,78,28,987,2.22
119.87,86.39,115.98,78,28,987,2.18
119.84,79.17,113.09,78,28,987,2.17
128.45,103.52,133.82,78,28,987,2.01
120.85,75.02,103.17,78,28,987,2.12
120.27,84.86,112.17,79,28,987,2.23
124.42,94.5,121.36,77,28,987,2.22
122.56,80.65,111.22,79,28,987,2.91
122.13,77.77,103.61,79,28,987,2.97
115.98,67.88,94.41,81,28,987,2.74
119.55,80.67,107.97,78,28,987,2.47
123.81,94.04,119.53,79,28,987,2.52
117.25,65.61,98.67,79,28,987,2.05
122.97,80.53,113.58,78,28,987,1.99
119.55,85.28,114.69,77,28,987,2.48
122.39,82.04,114.64,76,28,987,2.36
117.17,67.57,97.91,76,28,987,2.17
120.36,89.12,114.48,77,28,987,1.94
123.23,94.95,120.55,77,28,987,2.17
124.59,96.38,123.19,78,28,987,2.47
124.3,94.73,122.64,77,28,987,2.23
124.88,97.12,125.13,77,28,987,2.47
125.72,98.74,127.22,78,28,987,2.64
125.35,98.74,127.42,77,28,987,2.92
126.01,99.72,128.93,78,28,987,2.46
120.21,71.67,109.36,78,28,987,3.05
123.84,86.7,120.14,78,28,987,3.1
121.31,91.03,118.93,77,28,987,1.85
123.75,95.7,122.47,77,28,987,2.14
124.56,96.41,122.57,74,28,987,1.86
124.97,96.44,123.26,74,28,987,1.79
119.78,73.55,111.19,76,28,987,1.98
125,84.35,116.19,76,28,987,2.27
119.75,71.84,86.75,79,28,987,2.56
115.49,70.81,92.03,77,28,986,4.19
119.87,71.35,93.64,73,28,987,1.88
117.17,79.44,104.6,75,28,987,1.88
124.8,85.71,114.72,75,28,987,2.4
127.17,97.04,84.17,76,29,984,2.91
127.2,97.14,81.24,79,28,984,2.62
126.85,95.78,75.51,78,28,984,2.53
124.68,88.08,75.19,77,28,984,2.68
121.43,77.35,79.95,80,28,984,2.2
119.02,71.05,84.72,80,28,984,2.01
117.6,77.56,98.11,77,28,984,2.18
121.03,82.02,106.3,77,28,984,1.79
121.11,87.51,112.1,78,28,984,1.91
122.74,77.58,106.3,77,28,984,1.82
117.6,76.27,103.23,79,28,984,1.91
121.29,90.23,114.11,78,28,984,2.12
123.64,85.14,114.72,78,28,984,1.91
119.78,83.44,110.29,79,28,984,2.26
121.52,78.6,108.88,78,28,984,1.94
120.88,89.34,114.03,79,28,984,2.08
123.72,95.13,119.27,78,28,984,2.03
124.5,96.13,120.76,78,28,984,1.77
125.26,97.09,122.42,78,28,984,1.98
125.26,97.17,122.61,78,28,984,2.08
125.23,96.69,122.72,78,28,984,1.88
125.9,97.74,124.59,78,28,984,1.91
123.46,89.1,119.54,78,28,985,2.05
128.1,91.52,122.3,78,28,985,2.53
126.85,95.23,82.06,81,28,985,2.82
127.29,96.58,76.03,80,28,985,2.64
127.35,96.77,74.54,80,28,985,2.66
127.41,96.77,72.53,79,28,985,2.58
127.49,97.26,72.95,78,28,985,3.01
127.52,97.25,72.81,76,28,985,2.61
127.61,97.39,72.5,79,28,985,2.69
127.67,97.85,72.66,78,28,985,3.08
127.61,97.63,73.07,79,28,985,2.55
127.61,97.7,73.06,79,28,985,4.36
127.58,97.4,72.71,79,28,985,2.69
127.58,97.23,72.96,79,28,985,3.86
127.35,96.46,73.93,76,28,985,2.83
127.43,96.8,73.06,79,28,985,2.51
126.45,93.67,74.17,78,28,985,2.6
125.81,91.4,76.12,79,28,985,2.55
127.69,97.83,75.31,78,28,985,3.01
127.84,98.34,73.41,78,28,985,2.64
127.87,98.42,73.69,78,28,985,2.9
127.84,98.28,72.96,78,28,985,2.66
127.78,98.28,72.42,78,28,985,2.79
127.78,98.06,72.11,76,28,985,3.1
127.75,97.97,71.39,78,28,985,3.08
127.69,97.77,71.13,78,28,985,2.75
127.26,96.26,71.75,79,28,985,2.79
127.75,98.06,72.95,79,28,985,2.61
127.67,97.76,72.04,79,28,985,2.53
127.69,97.77,73.2,79,28,985,2.78
127.49,97.15,73.97,79,28,985,4
127.58,97.58,73.02,79,28,985,4.62
127.41,96.63,72.52,79,28,985,3.08
126.07,92.22,73.69,80,28,985,3.1
125.32,89.46,75.78,80,28,985,2.97
124.97,88.33,76.59,78,28,986,2.75
124.56,87.07,76.11,80,28,986,2.73
124.39,86.37,79.83,79,28,986,2.71
125.49,89.04,84.13,79,28,986,2.69
124.82,87.77,77.84,79,28,986,2.75
124.8,87.45,78.56,79,28,986,2.82
123.64,83.66,79.04,79,28,986,2.78
123.58,83.13,84.09,79,28,986,2.68
123.14,82.09,81.07,79,28,986,2.82
123.29,81.98,83.03,79,28,986,2.53
123.75,83.3,86.41,79,28,986,2.84
123.95,84.38,82.19,79,28,986,2.68
127.29,97.96,93.08,82,28,987,3.67
127.67,98.87,89.28,83,28,987,2.46
128.01,99.79,90.09,83,28,987,2.42
126.07,93.17,91.75,83,28,987,2.26
125.4,91.33,97.53,83,28,987,3.17
125.23,90.91,104.81,81,28,987,4.49
123.81,87.38,106.5,83,28,987,2.38
123.32,85.85,107,82,28,987,1.88
122.65,84.74,109.59,82,28,987,3.4
122.65,84.77,110.25,81,28,987,2.16
122.39,83,106.89,81,28,987,1.95
122.65,85.69,110.67,80,28,987,1.91
123.81,87.9,111.32,78,28,987,1.83
123.72,86.23,102.93,81,28,987,2.38
123.14,85.45,102,81,28,987,2.07
123.23,86.73,104.14,81,28,987,1.99
123.66,86.09,102.84,80,28,987,2.1
123.29,85.51,101.11,80,29,987,2.31
123.46,86.44,102.5,78,29,987,2
123.14,86.34,103.5,79,29,987,2.12
123.23,87.11,105.73,79,29,988,2.07
124.16,87.76,103.3,77,29,988,2.27
123.4,86.42,101.6,79,29,988,1.99
124.24,90.32,106.86,80,29,988,1.96
123.98,88.01,102.76,80,29,988,2.4
123.49,87.1,100.9,80,29,988,2.2
124.33,88.87,103.08,80,29,988,2.16
123.32,88.78,103.71,80,29,988,1.86
123.81,90.04,106.44,79,29,988,2.09
124.59,96.38,115.11,79,29,988,1.87
124.97,94.67,116.44,78,29,988,2.14
124.56,95.66,117.71,78,29,988,1.87
124.8,92.74,114.69,77,29,988,1.87
125.4,95.46,116.56,77,29,988,2.01
123.81,92.77,114.25,79,29,988,1.98
125.4,93.88,116.64,77,29,988,1.85
124.59,93.65,116.38,77,29,988,2.03
123.72,91.99,114.39,77,29,988,1.77
124.88,96.77,118.51,77,29,988,1.95
125.49,96.69,120.09,77,29,988,2
122.88,90.74,113.66,77,29,988,1.83
125.75,100.59,122.12,77,29,988,2.26
124.88,101.29,124.72,77,29,988,2.01
126.83,97.97,125.75,77,29,988,1.78
125,100.5,127.06,79,29,988,1.92
126.77,102.55,130.12,77,29,988,2.04
123.46,98.33,127.67,77,29,988,1.92
122.97,94.62,124.42,77,29,988,1.96
125.52,101.15,126.5,77,29,988,2
128.8,105.34,132.42,77,29,988,2.22
122.47,82.41,106.54,76,29,988,1.85
121.55,89.94,112.82,76,29,988,1.9
121.55,93.42,113.97,74,29,988,1.74
122.39,86.88,111.7,75,29,988,1.85
123.81,104.23,122.03,75,29,988,1.9
123.4,96.54,119.47,75,29,988,1.95
121.55,87.51,112.8,75,29,988,1.75
124.48,98.51,120.05,75,29,988,1.73
124.04,89.29,114.8,75,29,988,1.78
117.86,76.04,99.83,73,29,988,1.92
122.56,82.84,105.61,74,29,988,2.16
121.87,95.01,114.19,73,29,988,1.75
125.09,94.41,115.66,74,29,988,1.94
121.72,80.97,102.89,74,29,988,1.87
121.61,79.85,98.53,73,29,988,1.85
122.13,81.94,98.8,74,29,987,2.3
122.21,87.58,105.94,73,29,988,2.36
123.46,90.54,110.84,72,29,987,2.29
122.36,82.12,101.97,72,29,988,1.95
121.23,83.63,103.61,74,29,988,1.9
118.91,81.13,102.11,72,29,987,1.83
123.14,105.42,119.8,71,29,988,1.81
125.66,99.69,118.48,73,29,987,1.86
125.06,103.04,119.56,72,29,987,1.79
126.01,103.8,121.17,72,29,987,2.1
126.36,102.81,121.92,71,29,987,2.1
125.14,102.8,119.42,71,29,987,1.79
127.09,106.56,123.17,71,29,987,2.1
126.74,106.5,124.5,71,29,987,2
127.43,105.73,126.94,73,29,987,1.88
127.67,112.33,130.62,72,29,987,1.78
130.1,115.93,134.88,75,29,987,2.05
128.62,114.43,133.28,74,29,987,1.77
126.51,95.49,92.38,77,28,987,8.01
126.68,95.75,85.53,81,28,987,7.99
126.85,95.75,79.72,81,27,987,7.45
126.56,94.75,77.25,81,27,987,6.99
126.19,93.35,76.36,81,27,987,7.42
123.49,84.66,75.24,81,27,987,6.32
121.05,77.52,78.73,81,27,987,5.59
119.55,76.35,88.14,81,27,987,5.32
118.91,78.23,95,80,28,987,5.02
120.59,87.31,105.92,79,28,987,5.08
123.2,90.15,111.19,79,28,987,5.23
119.6,84.18,104.96,78,28,987,5.04
121.63,85.81,107.85,79,28,987,5.08
125.93,95.15,117.11,78,28,987,5.4
118.53,84.89,106.15,80,28,987,5.09
122.71,99.33,116.92,78,28,987,5.35
127.26,106.85,126.78,78,28,987,5.74
120.94,91.88,112.58,78,28,987,5.33
128.8,110.05,129.71,77,28,987,5.45
119.11,73.82,96.7,77,28,987,5.62
117.31,72.71,95.42,75,28,987,5.37
118.7,77.64,99.8,74,28,987,5.1
121.03,80.1,103.27,74,28,987,5.17
120.53,94.27,111.89,74,28,987,4.85
125.75,110.14,128.28,74,28,987,5.31
126.33,109.45,129.16,74,28,987,5.35
126.91,110.59,133.12,74,28,987,5.54
125.98,109.92,132.69,74,28,987,5.22
123.4,91.65,127.61,74,28,987,5.49
128.28,112.09,139.91,74,28,987,5.26
118.15,81.56,113.67,73,28,987,4.87
123.4,103.79,127.49,73,28,987,4.95
121.72,92.3,120.88,73,28,987,5.08
123.23,95.13,121.36,71,28,987,6.01
127.58,100.51,127.98,71,28,987,5.81
120.59,91.8,115.83,71,28,987,5.11
126.42,99.65,125.56,70,28,987,5.4
123.58,90.49,115.08,70,28,987,4.93
117.78,75.85,101.88,70,28,987,4.87
123.14,101.21,118.62,69,28,987,5.01
122.16,84.92,110.62,69,28,987,5.05
119.2,77.3,101.69,68,28,987,4.95
121.2,91.52,112.08,68,28,987,5.22
118.36,79.69,102.86,68,28,987,5.13
124.56,91.39,113.69,68,28,987,5.13
120.01,85.94,105.41,68,28,987,5.76
120.44,92.12,109.78,68,28,987,5.17
122.91,86.13,108.81,68,28,987,5.45
121.03,92.88,110.97,68,28,987,5.39
122.21,97,113.44,67,28,987,5.94
123.4,98.51,115.68,67,28,987,5
123.81,100.02,116.86,67,28,987,5.31
127.09,103.68,124.66,66,28,987,5.4
126.51,107.9,128.16,67,28,987,5.49
126.45,102.56,123.92,67,28,986,5.26
120.1,86.16,108.11,68,28,986,5.36
122.56,97.31,114.93,66,28,986,4.96
124.07,102.35,118.59,67,28,986,5.26
124.5,101.52,118.92,68,29,986,4.91
126.74,105.53,127.49,66,28,986,5.02
123,97.15,117.14,67,28,986,8.34
121.81,82.47,109.64,67,28,986,4.98
117.23,70.72,95.26,66,28,986,4.62
124.16,93.14,115,66,28,986,4.8
120.44,91.74,109.82,66,28,986,5.2
121.72,95.81,111.56,65,28,986,4.91
126.33,101.75,118.47,65,28,986,7.4
127.93,106,125.66,66,29,986,4.85
120.88,90.67,110.06,66,29,986,4.6
124.48,84.74,100.97,65,28,986,6.27
119.92,73.61,80.55,67,28,986,5.66
121.43,77.33,82.83,68,28,986,5.68
114.04,59.12,72.71,68,28,986,5.14
117.25,87.2,97.9,64,28,986,5.18
124.42,90.72,108.22,64,28,986,5.3
117.14,73.19,92.83,68,29,986,5.13
126.36,97,118.06,78,28,987,5.08
124.33,96.04,98.02,79,28,987,4.26
124.22,95.33,85.03,79,28,987,4.62
124.56,95.23,79.34,78,28,987,4.65
124.65,94.89,76.92,78,28,987,3.66
122.53,86.44,75.05,78,28,987,3.79
120.59,78.44,79.25,77,28,987,3.48
121.43,80.88,86.35,77,28,987,4.27
120.62,77.96,84.39,76,28,987,3.57
120.13,75.91,84.66,75,28,987,3.64
121.23,79.29,86.98,76,28,987,4.7
119.26,74.14,84.75,75,28,987,3.48
120.13,76.53,89.84,76,28,987,3.16
119.46,78.32,98.01,76,28,987,3.32
121.43,81.5,102.74,74,28,987,4.67
121.43,83.73,106.17,74,28,987,3.58
122.04,85.32,108.91,74,28,987,3.14
120.59,76.6,94.27,74,28,987,3.32
119.08,74.23,94.36,76,28,987,3.65
123.46,85.2,100.71,74,28,987,3.03
120.94,79.03,82.29,76,28,987,3.4
124.07,88.84,87.17,76,28,987,3.83
124.5,92.31,77.69,76,28,987,3.18
123.23,88.43,71.99,76,28,987,3.7
124.13,89.94,75.71,77,29,987,3.78
124.8,92.74,75.89,76,28,987,3.19
121.46,81.81,71.44,76,28,987,2.87
119.84,76.05,80.17,76,28,987,2.53
117.49,78.37,98.31,76,29,987,3
120.39,88.39,111.61,75,29,987,3.4
123.06,97.54,118.9,76,29,987,2.44
122.47,91.94,117.28,76,29,987,3
122.79,89.61,117.61,76,29,987,2.66
126.07,105.71,127.81,77,29,987,3.18
122.65,91.17,118.95,77,29,987,2.38
124.91,99.72,124.69,76,29,987,2.68
120.94,85.42,113.08,76,29,987,2.9
122.91,88.59,114.05,76,29,987,2.6
129.26,108.58,131.99,76,29,987,2.56
120.27,75.59,95.24,77,29,987,3.66
120.76,77.36,95.36,77,29,986,2.18
119.6,87.05,107.76,77,29,986,2.83
119.17,78.17,100.05,75,29,986,2.6
120.71,84.6,107,75,29,986,2.73
123.84,96.55,116.28,75,29,986,3.03
126.94,97.15,120.52,75,29,986,2.3
122.45,88.65,112.29,75,29,986,5.11
121.29,80.48,107.17,75,29,986,3.4
128.19,107.6,128.55,75,29,986,3.04
122.53,83.27,107.95,75,29,986,2.38
119.46,73.2,90.75,77,29,986,2.68
122.16,84.52,102.96,75,29,986,2.65
118.82,78.71,101.67,75,29,986,3.25
122.3,87.17,110.94,76,29,986,2.83
124.8,102.5,122.92,77,29,986,2.58
126.77,102.83,125.4,77,29,986,2.35
130.19,113.94,134.71,77,29,986,2.73
123.37,87.16,117.17,77,29,986,2.33
124.04,98.28,121.16,78,29,986,2.91
124.33,96.23,120.69,78,29,986,2.78
124.68,99.75,121.69,77,29,986,2.57
126.51,103.04,124.56,77,29,986,2.82
120.85,77.89,108.27,77,29,986,2.75
124.59,100.58,122.06,77,29,986,2.08
129.2,99.5,126.64,77,29,986,2.31
119.37,81.78,107.3,78,29,986,6.4
128.33,103.57,125.75,77,29,986,2.79
124.8,86.29,109.34,77,29,986,2.33
119.55,75.18,95.47,79,29,986,2.92
116.5,67.58,90.05,77,29,986,5.43
119.87,82.01,103.72,77,29,986,4.6
122.21,91.9,111.72,77,29,986,3.12
125.17,100.12,118.66,77,29,986,2.82
125.93,101.05,120.62,77,29,986,4.54
130.01,108.77,127.84,77,29,986,2.26
125.72,101.08,120.94,77,29,986,2.56
127.03,104.8,123.89,77,29,986,2.31
127.29,105.65,124.65,77,29,985,2.86
127.29,105.05,124.81,77,29,985,3.22
127.35,104.56,125.28,76,29,985,2.81
122.07,86.11,114.2,76,29,985,2.61
125.66,101.63,122.04,76,29,985,3.27
126.01,97.67,121.05,76,29,985,4.78
126.25,101.02,122.53,76,29,985,2.49
121.31,82.45,109.97,76,29,985,2.99
124.88,99.57,119.81,76,29,985,3.03
126.36,95.55,97.55,78,28,987,3.79
126.83,96.44,90.45,76,28,987,4.76
127,96.72,83.43,79,28,987,4.17
123.66,85.56,81.8,79,28,987,3.31
119.92,74.87,86.49,78,28,987,2.26
117.34,78.46,101.02,77,28,987,2.57
121.46,96.38,119.09,76,28,987,2.64
123.14,98.73,123.17,76,28,987,2.75
123.46,100.07,125.47,76,28,988,2.74
125.32,108.48,131.76,77,28,988,2.68
126.56,111.96,134.96,77,28,988,2.42
126.36,111.1,134.98,78,28,988,3.06
127.2,114.15,136.81,80,29,988,2.88
127.67,115.17,137.55,78,28,988,3.08
127.35,113.89,137.35,79,29,988,2.51
126.91,111.79,136.88,79,29,988,3.09
126.42,111.1,135.41,79,29,988,2.23
126.83,112.28,136.41,78,29,988,2.96
126.74,112.5,136.28,79,29,988,2.73
125.61,107.72,134.28,78,29,988,2.84
126.25,110.23,135.25,78,29,988,2.88
125.84,108.09,134.88,78,29,988,2.36
125.61,108.21,134.22,78,29,988,2.51
125.75,107.58,134.19,77,29,988,2.53
125.75,109.57,134.57,77,29,988,2.22
126.27,111.61,135,77,29,988,2.96
126.91,112.98,135.72,76,29,988,3.13
126.68,111.56,135.63,75,29,988,2.65
125.9,108.75,133.96,76,29,988,3.03
125.61,108.87,133.69,74,29,988,2.95
126.36,111.19,135.33,75,29,988,2.92
126.19,109.99,135.41,76,29,988,2.58
125.72,108.52,134.53,76,29,988,2.51
125.9,109.15,134.8,77,29,988,2.73
125.84,108.43,134.96,77,29,988,2.43
125.35,107.64,133.69,77,29,988,2.77
125.81,109.02,134.12,77,29,988,2.74
126.25,112.82,134.4,77,29,988,7.03
126.68,111.85,134.67,76,29,988,2.83
126.51,110.88,135.25,74,29,988,2.36
124.82,105.3,131.32,74,29,988,3.43
125.61,108.48,133.29,74,29,988,3.35
126.16,110.1,134.81,74,29,988,3.49
126.74,113.26,136.87,74,29,988,2.71
127.93,117.58,139.66,75,29,988,2.86
128.59,119.19,140.35,76,29,988,2.55
128.85,119.49,141.15,76,29,988,2.4
128.94,120.15,141.34,77,29,988,3.03
127.96,115.72,139.45,77,29,988,2.65
128.51,118.52,140.11,76,29,988,2.73
128.42,118.26,140.08,77,29,988,2.68
127.49,112.4,138.69,77,29,988,2.95
127.29,115,137.84,76,29,988,3.05
128.42,117.41,139.68,77,29,988,3.6
127.93,116.06,139.03,77,29,988,2.52
127.78,116.23,138.43,77,29,988,2.95
127.29,114.38,137.44,77,29,988,2.97
127.69,116.77,137.75,77,29,988,2.82
128.04,116.39,138.57,77,29,988,2.49
127.58,114.46,138.24,77,29,988,2.18
127.26,114.52,137.41,77,29,988,2.34
127.03,111.1,137.73,77,29,988,3.03
125.61,109.17,133.56,75,29,988,4.19
126.19,111.62,133.6,76,29,988,2.77
127.17,114.71,135.3,76,29,988,2.69
127.69,115.97,136.78,76,29,988,5
128.1,117.51,138.03,77,29,988,3.05
128.33,118.3,138.71,77,29,988,2.39
128.94,119.46,140.56,77,29,988,2.18
128.8,119.72,141.09,77,29,988,2.88
129.55,122.93,142.62,77,29,988,2.58
129.64,122.85,142.9,77,29,988,2.75
129.55,122.21,142.75,77,29,988,2.3
129.2,120.04,142.93,77,29,988,3.01
127.75,116.31,139.9,76,29,988,3.06
128.85,120.15,141.28,76,29,988,2.46
128.04,117.07,138.99,76,29,988,2.79
128.68,119.19,139.93,76,29,988,3.23
129.12,120.07,141.34,76,29,988,3.06
128.88,119.44,141.33,77,29,988,2.69
128.59,119.56,140.74,77,29,988,3.13
128.8,120.29,140.88,77,29,988,3.06
127.58,111.25,140.78,78,29,988,2.99
118.33,81.58,117.16,76,29,988,2.94
120.27,88.16,117.68,76,29,988,2.7
124.88,99.16,128.53,74,29,988,2.62
122.65,98.02,122.01,75,29,988,3.39
123.37,101.36,123.52,75,29,988,2.39
124.13,101.38,124.42,76,29,988,3.61
124.24,105.07,124.67,75,29,988,2.64
124.74,104.43,127.3,75,29,988,2.1
123.95,89.01,119.92,76,29,988,2.3
115.49,61.57,84.64,77,29,987,3.62
123.14,92.2,114.39,76,29,987,3
119.69,98.7,113.05,76,29,988,2.86
124.5,108.35,122.61,75,29,987,2.95
117.69,75.87,102.79,74,29,987,3.89
127.52,97.32,84.35,77,28,988,3.35
126.85,95.26,82.09,77,28,988,3.65
122.79,82.49,79.33,79,28,988,3.51
119.75,75.65,85.89,80,29,988,3.01
118.44,76.41,93.85,80,29,988,2.86
119.84,77.77,100.11,76,28,988,4.26
118.76,71.78,92.62,77,29,988,3.05
118.36,86.77,106.64,78,29,988,3.44
120.71,79.56,104.03,77,29,988,2.77
117.57,77.26,101.5,77,28,988,3.86
121.46,95.98,114.91,77,28,988,3.27
119.75,79.89,107.36,78,29,988,3.65
122.65,92.56,115.98,78,29,988,2.95
121.69,89.3,114.04,76,29,988,3.22
125.35,101.69,122.39,76,29,988,2.94
123.4,98,121.28,77,29,988,2.94
124.39,93.81,121.67,77,29,988,3.44
123.49,97.48,120.72,77,29,988,3.25
122.16,89.52,118.42,76,29,988,3.47
124.65,102.69,124.82,77,29,988,2.86
125.26,103.32,124.37,77,29,988,2.97
125.06,99.41,123.09,76,29,988,2.96
127.75,97.79,95.48,83,29,986,6.75
127.75,97.51,91.55,81,28,986,9.16
127.69,97.17,87.11,81,28,986,8.86
127.75,96.97,84.44,80,28,986,5.85
127.69,96.98,82.08,81,28,986,8.56
127.78,97.17,79.72,81,28,986,5.74
127.69,96.77,78.12,81,28,986,7.67
127.67,96.92,76.75,81,28,986,6.28
127.78,96.89,76.09,81,28,986,5.8
127.75,96.88,75.86,81,28,986,5.96
127.78,96.8,76.31,81,28,986,6.14
127.96,97.7,79.72,81,28,986,7.24
127.96,97.68,79.33,80,29,986,6.94
127.75,95.23,76.86,81,29,986,6.02
127.58,93.79,82.72,79,29,986,6.02
128.1,97.76,78.25,80,28,986,6.81
127.87,96.98,75.56,80,28,987,6.57
122.97,82.05,76.52,80,28,987,5.41
143.99,184.09,159.31,79,29,988,2.26
127.35,96.2,102.19,75,28,989,5.43
127.29,95.92,99.06,76,28,989,5.05
127.17,95.49,92.94,74,28,989,5.26
127.09,94.86,86.03,75,28,989,5.97
126.94,94.5,82.49,75,28,989,5.46
126.91,94.26,81.49,74,28,989,5.22
127,94.41,80.31,74,28,989,5.13
126.68,93.42,78.53,74,28,989,4.91
125.75,90.49,76.72,75,28,989,4.89
126.01,91.43,77.16,75,28,989,5.19
124.56,86.88,75.78,75,28,989,4.93
122.82,81.61,77.53,75,28,989,4.25
121.31,77.84,80.2,75,28,989,4.04
122.56,81.21,84.91,73,28,989,4.12
120.94,77.95,85.81,74,28,989,3.74
121.61,81.73,92.03,74,28,989,3.83
123.23,84.26,92.89,74,28,989,4.21
121.98,79.11,84.91,73,28,989,4.7
120.44,75.91,84.5,75,29,989,4.12
119.17,74.43,86.45,74,28,989,3.86
121.31,82.15,94.81,71,28,989,3.7
120.39,78.12,92.25,72,29,989,3.82
121.55,82.88,97.12,71,28,989,9.73
121.87,82.78,97.81,72,29,989,3.83
122.79,85,99.1,72,29,989,3.88
122.53,81.36,92.95,74,29,989,4.44
121.63,78.84,89.27,74,29,989,3.92
121.87,81.67,92.88,74,29,989,4.21
120.88,77.23,88.38,74,29,989,3.58
122.82,84.17,94.45,74,29,989,4.13
121.14,77.89,88.7,74,29,990,3.86
119.52,75.81,89.39,73,28,990,3.67
118.62,75.25,89.72,71,28,990,4.04
117.49,81.39,97.1,71,28,990,3.93
124.8,95.62,111.25,71,28,990,4.05
122.3,81.55,96.72,73,28,990,3.74
121.63,79.14,92.4,73,28,989,3.86
120.13,77.55,92.31,73,29,989,3.75
124.3,89.83,102.05,71,28,990,4.1
120.71,76.82,89.89,74,29,990,3.62
122.45,82.24,93.91,72,29,990,4.28
120.13,76.44,89.66,73,29,990,3.95
121.2,79.76,93.14,71,29,990,3.96
120.18,79.14,94.72,71,29,990,3.71
116.38,68.88,85.92,71,29,990,3.49
118.24,89.06,102.39,72,29,990,3.87
119.75,96.19,107.49,71,28,990,3.65
121.69,101.83,112.24,72,29,990,3.67
123.11,104.86,115.08,72,29,990,3.74
124.33,106.64,117.33,71,28,990,3.74
125.32,109.23,119.48,72,29,990,3.41
126.51,111.16,122.03,73,29,990,3.62
127.11,111.61,123.69,73,29,990,3.56
127.17,111.01,124.25,73,29,990,3.84
127.09,110.56,124.52,73,29,990,3.62
126.94,110.82,124.33,72,28,990,3.35
127.49,112.12,126.05,73,29,990,3.57
127.43,111.41,126.31,73,29,990,3.77
127.26,111.28,126.34,73,29,990,3.65
127.67,112.56,127.33,73,29,990,3.47
127.35,111.76,127.01,73,29,990,3.53
127.69,112.36,127.94,73,29,990,3.41
